League,GoalsNetIncome,GoalsWin,GoalsMax,BetAmountGoals,GOalsProfitPercent,GoalsBets,GoalsWinPercent,xGNetIncome,xGWin,xGMax,BetAmountxG,xGProfitPercent,xGBets,xGWinPercent,RegNetIncome,RegWin,RegMax,BetAmountReg,RegProfitPercent,RegBets,RegWinPercent,RFNetIncome,RFWin,RFMax,BetAmountRF,RFProfitPercent,RFBets,RFWinPercent,KCOFilter
Bunde2018,-452.22029034484,67,154.54272848799997,4618.536273986,-0.09791420127887271,189,0.3544973544973545,-567.4499299988199,50,72.06039319300001,2627.688628609,-0.21595021716831295,189,0.26455026455026454,2299.08618622035,90,384.02935893999995,6267.394027762,0.36683287759415406,189,0.47619047619047616,1435.36022789423,72,384.77170015999997,4462.276207678,0.3216654821645694,189,0.38095238095238093,All Values
Bunde2019,9876.7955045992,106,954.7052364400001,8259.265370646,1.195844310766671,189,0.5608465608465608,8892.95811711785,104,836.9708263299999,6608.418538492,1.345701405762833,189,0.5502645502645502,10299.81325056597,110,685.0139373100001,7066.191745036,1.4576187035685226,189,0.582010582010582,9209.69689132512,99,859.8844806000001,6379.130736469,1.4437228631597079,189,0.5238095238095238,All Values
LaLiga2018,-400.78996455550987,95,79.97726266450002,5406.425476225,-0.07413215373410802,250,0.38,-189.64734253115003,74,103.446486918,3388.724510497,-0.05596422546114137,250,0.296,2809.01476749361,114,316.25381169,8273.520310638,0.3395186887837588,250,0.456,1549.5069487172702,103,238.95054469299998,6433.812358654,0.24083806961405357,250,0.412,All Values
LaLiga2019,2805.792230438,88,1304.09469679,6261.971809067,0.4480684864111593,250,0.352,429.55755573720006,71,536.63998173,4985.001497499,0.08616999532552021,250,0.284,3307.04830929124,102,772.97574027,8084.363917031,0.40906722448805355,250,0.408,2693.53974518601,98,640.33293301,6998.80914252,0.384856864980343,250,0.392,All Values
Ligue12018,-366.1098595654799,95,168.0798928217,5075.219287813,-0.07213675681849069,250,0.38,-613.0021859057599,66,87.19087705000001,3059.775413116,-0.20034221573193622,250,0.264,2939.45968441827,104,740.8537797699998,7456.533016023,0.39421265594905847,250,0.416,2053.67808800893,94,384.87735297,6229.496448581,0.3296699990055748,250,0.376,All Values
Ligue12019,-466.68541372254,95,280.937063605,6761.384528667,-0.06902216724161768,250,0.38,373.78345279592,78,133.93363403,2779.721336865,0.13446795829450914,250,0.312,2972.7778291027103,110,301.356587405,7006.278755422,0.4243019629788702,250,0.44,1862.3921839802201,106,342.50477991,5788.327116793,0.3217496431010401,250,0.424,All Values
PL2018,-869.55117143536,93,84.64247699399999,5673.04956416,-0.1532775558544081,250,0.372,38.56232896292004,93,133.27018398799999,3275.889460322,0.011771559886251351,250,0.372,3378.4748884802802,117,453.54780455,8523.142761387,0.39638839604869996,250,0.468,3490.64321855863,119,627.24484271,7012.094873478,0.4978031931315371,250,0.476,All Values
PL2019,87.82440705179009,111,84.41648359000001,4988.068793376,0.01760689571250865,250,0.444,471.83608182096003,91,311.167713255,3622.13756313,0.1302645395425656,250,0.364,4367.52108903699,115,406.13738888499995,7458.069028164,0.5856101723574648,250,0.46,2735.74043722291,108,399.86665619999997,6815.750536624,0.4013850598730959,250,0.432,All Values
SerieA2018,-799.6764754448101,100,120.60605109,5785.918598782,-0.13821080642461006,250,0.4,0.624764410790061,72,204.97388899,3032.965091932,2.0599129625724962e-4,250,0.288,2015.3446026064,106,453.34987674,7470.430013669,0.26977625102153807,250,0.424,1205.26898908324,90,610.97392999,6104.969710437,0.19742423734268874,250,0.36,All Values
SerieA2019,-760.95834698989,88,63.219552964,4650.510050808,-0.16362900814668224,250,0.352,-856.3656076389,66,141.49562795100002,2787.604997913,-0.3072047898751927,250,0.264,1068.05379070117,97,636.3888226099999,6978.726606485,0.15304422295446826,250,0.388,536.9244396025501,83,346.61516267,5665.48537657,0.09477112796425839,250,0.332,All Values
Bunde2018,-479.83725335088,27,154.54272848799997,2891.25119767,-0.16596180011531722,74,0.36486486486486486,-488.29518699207,7,64.51969178200001,1110.80034399,-0.43958861701294705,36,0.19444444444444445,905.55493022013,34,252.13153463999998,4392.621160254,0.20615366023683387,81,0.41975308641975306,1273.5932903483,35,384.77170015999997,3251.946717444,0.3916402699701465,81,0.43209876543209874,Greater than 2
Bunde2019,8558.2879059934,64,954.7052364400001,6059.300525711,1.4124217588612125,107,0.5981308411214953,8356.99036599425,60,836.9708263299999,5168.694444263,1.6168474372227795,101,0.594059405940594,8972.3850978301,67,685.0139373100001,5390.722072131,1.6644124808837042,101,0.6633663366336634,7780.68895295665,55,859.8844806000001,4705.582056006,1.6535019175843968,90,0.6111111111111112,Greater than 2
LaLiga2018,-339.93840046939,26,70.7580911272,2252.200982945,-0.1509360856529257,71,0.36619718309859156,-136.80359113681,24,103.446486918,1921.030475438,-0.07121364959377775,72,0.3333333333333333,2278.25354740012,65,316.25381169,6471.218327013,0.3520594472743932,128,0.5078125,1363.87159715818,50,238.95054469299998,4633.199660002,0.2943692690242473,114,0.43859649122807015,Greater than 2
LaLiga2019,2880.34400782695,41,1304.09469679,4759.00070007,0.6052413498877156,116,0.35344827586206895,509.80679195640005,28,536.63998173,3730.10780652,0.13667347390477266,100,0.28,3302.54029446355,59,772.97574027,6563.399869271,0.5031752384805354,135,0.43703703703703706,2847.0528908191,58,640.33293301,5517.663630875,0.5159888462370095,136,0.4264705882352941,Greater than 2
Ligue12018,-156.60161679394992,35,168.0798928217,2701.4426744849998,-0.05796962425782523,89,0.39325842696629215,-382.45586556728,16,87.19087705000001,1451.9398555760001,-0.26341026737333806,60,0.26666666666666666,2144.335088599,47,740.8537797699998,5775.71844795,0.3712672471699339,125,0.376,1812.50767456785,54,384.87735297,4727.755046226,0.3833759695343588,125,0.432,Greater than 2
Ligue12019,-335.089600251,39,280.937063605,4235.124525363,-0.07912154607125249,108,0.3611111111111111,350.5290888699,21,133.93363403,1467.089826565,0.23892817094275562,57,0.3684210526315789,2464.36419754785,59,301.356587405,5384.591558468,0.4576696618097808,120,0.49166666666666664,1555.2227940896,55,342.50477991,4136.081878238,0.376013541287083,107,0.514018691588785,Greater than 2
PL2018,-242.69811184496996,31,84.64247699399999,2665.703577526,-0.09104467349299747,81,0.38271604938271603,135.82380514462,30,133.27018398799999,1658.866047168,0.08187750022161046,67,0.44776119402985076,2763.06264488254,67,453.54780455,6101.139222915,0.4528765110792547,135,0.4962962962962963,3483.21475836169,75,627.24484271,5261.514806935,0.6620174771285636,128,0.5859375,Greater than 2
PL2019,-61.524290370299966,25,65.62376895000001,1738.657478208,-0.035386090211231166,54,0.46296296296296297,505.2709616723,27,311.167713255,1873.291754416,0.2697235817545242,65,0.4153846153846154,3452.07059181835,60,406.13738888499995,5441.777905935,0.6343644763696432,123,0.4878048780487805,2060.51564442455,61,399.86665619999997,5464.418401329,0.3770786739030475,143,0.42657342657342656,Greater than 2
SerieA2018,-383.51114321737,27,120.60605109,2595.127232,-0.1477812488298724,71,0.38028169014084506,82.32149465108003,21,204.97388899,1423.75062178,0.057820164143746,58,0.3620689655172414,1332.10046035245,48,453.34987674,5300.386661404,0.2513213743541485,115,0.41739130434782606,796.8130317400701,42,610.97392999,4519.197055941,0.1763173904294721,128,0.328125,Greater than 2
SerieA2019,-535.0784617695,22,63.219552964,2119.234393142,-0.2524866826911896,64,0.34375,-545.85890777135,12,60.96974901360001,1298.808666326,-0.42027661342562966,50,0.24,891.9062144751999,47,636.3888226099999,5198.966290548,0.171554529233385,129,0.3643410852713178,804.7724407207501,42,346.61516267,4070.813664414,0.19769326406557552,112,0.375,Greater than 2
Bunde2018,-357.22912738147,19,154.54272848799997,2457.831291059,-0.14534322542030603,54,0.35185185185185186,-304.23862027443,5,64.51969178200001,772.232248821,-0.3939729540419014,21,0.23809523809523808,819.06841459065,25,252.13153463999998,3713.21899571,0.22058176895490028,62,0.4032258064516129,1152.3496551619,26,384.77170015999997,2699.543679132,0.4268683126225325,61,0.4262295081967213,Greater than 2.01
Bunde2019,8293.29058885365,57,954.7052364400001,5806.0776143269995,1.4283809380000771,98,0.5816326530612245,7870.60865658255,50,836.9708263299999,4694.00984225,1.676734587503527,84,0.5952380952380952,8565.3633888291,60,685.0139373100001,5074.970410398,1.6877661732331892,88,0.6818181818181818,7655.7732911025005,51,859.8844806000001,4355.794396689,1.7576066714539915,80,0.6375,Greater than 2.01
LaLiga2018,-264.58889295481,13,70.7580911272,1565.26197918,-0.1690380884952059,39,0.3333333333333333,-282.64885715387,10,87.94424224,1156.275844535,-0.24444760174639651,34,0.29411764705882354,2260.49432881441,57,316.25381169,5764.346226489,0.392151033264921,104,0.5480769230769231,1433.89146771346,40,238.95054469299998,3936.3239910419998,0.3642717090810122,84,0.47619047619047616,Greater than 2.01
LaLiga2019,3153.16418325415,31,1304.09469679,4011.824375557,0.7859676516413723,78,0.3974358974358974,584.1185283624001,19,536.63998173,3224.034554011,0.18117626178531557,76,0.25,3351.58858629035,48,772.97574027,5728.873208216,0.5850345197871907,103,0.46601941747572817,2864.8608488845,45,640.33293301,4815.472281735,0.5949283229707012,106,0.42452830188679247,Greater than 2.01
Ligue12018,-161.81932694062994,18,168.0798928217,1952.45673846,-0.08287985272762811,50,0.36,-208.12549467099998,5,87.19087705000001,741.181427063,-0.2808023610301684,23,0.21739130434782608,2201.62561298363,37,740.8537797699998,4730.679391747,0.46539311389914084,88,0.42045454545454547,1712.19303057769,38,384.87735297,3869.029062134,0.4425381673492299,86,0.4418604651162791,Greater than 2.01
Ligue12019,-295.5040653196,21,280.937063605,3330.646274876,-0.0887227405529882,71,0.29577464788732394,304.8328081985,9,133.93363403,895.071068762,0.34056827310944543,26,0.34615384615384615,2530.0339480855,46,301.356587405,4537.589937339,0.5575721876642735,84,0.5476190476190477,1252.0439764661,33,342.50477991,3433.476313056,0.3646578168327906,76,0.4342105263157895,Greater than 2.01
PL2018,-489.0527162426,14,84.64247699399999,2037.545972854,-0.2400204573335745,47,0.2978723404255319,47.17969467189999,11,133.27018398799999,970.820353905,0.048597760113007246,30,0.36666666666666664,2559.24500823807,51,453.54780455,5282.1806033660005,0.48450539661730324,101,0.504950495049505,3229.89892115925,57,627.24484271,4532.108353526,0.7126702782042654,99,0.5757575757575758,Greater than 2.01
PL2019,-2.7922517729999683,14,65.62376895000001,1148.579534683,-0.002431047819227086,28,0.5,233.33747031220005,14,311.167713255,1358.207509533,0.17179810056596564,41,0.34146341463414637,3449.74068326735,52,406.13738888499995,4885.6762333140005,0.7060927737586407,100,0.52,1971.86134850165,46,399.86665619999997,4760.205023211,0.4142387436857771,111,0.4144144144144144,Greater than 2.01
SerieA2018,-392.09294244087005,16,120.60605109,2039.23495311,-0.19227453013341902,46,0.34782608695652173,137.71789494125002,9,204.97388899,786.242546158,0.1751595555521805,24,0.375,1248.6538519696699,38,453.34987674,4735.554800269,0.26367635992698063,94,0.40425531914893614,815.7554318491601,27,610.97392999,3712.163146573,0.21975204204110757,91,0.2967032967032967,Greater than 2.01
SerieA2019,-500.5203264739,11,63.219552964,1532.165372747,-0.3266751327087646,38,0.2894736842105263,-437.6282877334,5,60.96974901360001,829.247761732,-0.527741295097803,25,0.2,961.1780582949,36,636.3888226099999,4512.539419668,0.21300158711203382,95,0.37894736842105264,716.8788613937,30,346.61516267,3401.318898396,0.21076496582892215,81,0.37037037037037035,Greater than 2.01
Bunde2018,-408.65358980221004,13,154.54272848799997,1999.41552304,-0.20438652450835984,40,0.325,-240.26980690214998,3,64.51969178200001,581.96352914,-0.4128605915515189,15,0.2,703.82243498371,21,252.13153463999998,3264.578292189,0.21559367611667093,49,0.42857142857142855,1180.09248713106,23,384.77170015999997,2395.702496215,0.49258724277972854,53,0.4339622641509434,Greater than 2.02
Bunde2019,8215.2682151031,53,954.7052364400001,5405.953073926,1.5196706487755125,89,0.5955056179775281,7773.41606527785,47,836.9708263299999,4479.582370209,1.7352992807932612,78,0.6025641025641025,8060.9158378525,50,685.0139373100001,4369.057391323,1.84500113316469,72,0.6944444444444444,7492.2858988379,47,859.8844806000001,4065.814305865,1.8427516200211511,73,0.6438356164383562,Greater than 2.02
LaLiga2018,-272.04855451282,6,70.7580911272,1044.125133071,-0.26055167708937893,22,0.2727272727272727,-239.78616626136,5,87.94424224,781.36882341,-0.30687961827668075,22,0.22727272727272727,2193.1128456007,43,316.25381169,4676.77668198,0.46893683293686905,76,0.5657894736842105,1480.3402591476602,35,238.95054469299998,3475.668202672,0.42591529824671254,71,0.49295774647887325,Greater than 2.02
LaLiga2019,3304.0862243229,26,1304.09469679,3512.513158703,0.9406615932914932,63,0.4126984126984127,757.3422627057,15,536.63998173,2804.860201495,0.27001069868011035,62,0.24193548387096775,3508.36036998775,42,772.97574027,4960.987005763,0.7071899938282874,81,0.5185185185185185,2744.50311085235,36,640.33293301,3958.65558652,0.6932917125192508,81,0.4444444444444444,Greater than 2.02
Ligue12018,29.42956148754004,14,168.0798928217,1397.823018898,0.02105385380671538,32,0.4375,-73.45091145199999,4,87.19087705000001,495.01597919700004,-0.1483808897869314,13,0.3076923076923077,2163.07446681513,33,740.8537797699998,4270.835788553,0.5064756815545933,75,0.44,1580.71298979539,30,384.87735297,3319.318973252,0.47621605592388594,68,0.4411764705882353,Greater than 2.02
Ligue12019,-183.36942332789997,13,280.937063605,2451.294179333,-0.07480514777618205,48,0.2708333333333333,217.71666951400002,5,133.93363403,486.342243691,0.4476614407617188,13,0.38461538461538464,1884.1300837007,32,301.356587405,3820.459664794,0.49316842710399156,64,0.5,979.9847883805002,23,342.50477991,2767.091765488,0.35415695301585765,56,0.4107142857142857,Greater than 2.02
PL2018,-465.1623200424,8,84.64247699399999,1621.674728896,-0.2868407034739156,34,0.23529411764705882,-26.566505243700025,5,133.27018398799999,583.911619652,-0.04549747658649634,16,0.3125,2339.4060118102702,44,453.54780455,4762.746066357,0.49118848227818074,87,0.5057471264367817,2996.69276509141,45,627.24484271,3871.650675378,0.77400907683874,79,0.569620253164557,Greater than 2.02
PL2019,3.6254698300000356,8,65.62376895000001,761.426985353,0.004761414948170318,18,0.4444444444444444,180.06792791540005,9,311.167713255,969.450912399,0.18574218210781251,27,0.3333333333333333,3390.19284137935,46,406.13738888499995,4387.876278315,0.772627263474536,85,0.5411764705882353,2121.3127926769,41,399.86665619999997,4216.882854644,0.5030523412194685,94,0.43617021276595747,Greater than 2.02
SerieA2018,-319.13416510602,10,120.60605109,1464.28885218,-0.21794481644171523,29,0.3448275862068966,145.66892133090002,6,204.97388899,574.997096785,0.2533385336124015,16,0.375,1261.9020500971599,31,453.34987674,4272.451681108,0.29535782831133234,79,0.3924050632911392,911.51037504346,23,610.97392999,3328.714737341,0.27383252905942335,75,0.30666666666666664,Greater than 2.02
SerieA2019,-415.4449614212,6,63.219552964,1008.753571069,-0.4118398916605005,22,0.2727272727272727,-410.896513329,3,39.427816157500004,645.495311517,-0.636560027621794,18,0.16666666666666666,959.8433263889,28,636.3888226099999,3722.029593517,0.2578817019780678,72,0.3888888888888889,674.7045759136,23,346.61516267,2978.323798892,0.22653835562291935,67,0.34328358208955223,Greater than 2.02
Bunde2018,-305.51120940101003,9,154.54272848799997,1558.875947907,-0.19598173274223635,28,0.32142857142857145,-183.08775977724997,1,64.51969178200001,321.028428463,-0.5703163444241565,8,0.125,672.51832740721,20,252.13153463999998,3155.993962632,0.21309239984931744,47,0.425531914893617,1003.11634732926,17,384.77170015999997,1975.172779901,0.5078625817127443,43,0.3953488372093023,Greater than 2.03
Bunde2019,7610.583835299901,47,954.7052364400001,4845.247189001,1.5707317993138472,76,0.618421052631579,7667.2986415175,44,836.9708263299999,4208.355683605,1.8219226743090946,71,0.6197183098591549,7697.3724023955,45,685.0139373100001,4125.425960175,1.865837001246043,66,0.6818181818181818,7095.8424844317,41,859.8844806000001,3644.029085176,1.9472518793271332,63,0.6507936507936508,Greater than 2.03
LaLiga2018,-154.09526519111998,5,70.7580911272,812.647230771,-0.18962135026894994,17,0.29411764705882354,-391.925131513,2,87.35187357999999,583.213809348,-0.6720093475686902,16,0.125,1991.2659184117001,36,316.25381169,4185.232289224,0.4757838468222533,65,0.5538461538461539,1281.7258189288102,25,238.95054469299998,2746.080520756,0.4667473547264918,54,0.46296296296296297,Greater than 2.03
LaLiga2019,3282.97857714805,21,1304.09469679,3159.785142489,1.038987915033365,54,0.3888888888888889,980.4459289104001,14,536.63998173,2486.60361124,0.39429120285942115,54,0.25925925925925924,3243.07196695785,35,772.97574027,4434.744613326,0.7312871990898228,69,0.5072463768115942,2632.57904564575,28,640.33293301,3266.476856999,0.8059383736348804,64,0.4375,Greater than 2.03
Ligue12018,-128.84291234050997,7,168.0798928217,880.210953374,-0.1463773108555772,18,0.3888888888888889,-47.782964776,2,87.19087705000001,294.966481351,-0.16199455801603405,7,0.2857142857142857,2161.6238023971,28,740.8537797699998,3487.151820617,0.6198823319412095,58,0.4827586206896552,1502.8575681065902,24,384.87735297,2771.794403917,0.5421966239569594,52,0.46153846153846156,Greater than 2.03
Ligue12019,-121.00441427349998,9,280.937063605,2014.893482058,-0.06005499315522466,37,0.24324324324324326,250.89186318560002,4,133.93363403,365.806945019,0.6858586656209293,9,0.4444444444444444,1864.5440160931,26,301.356587405,3239.193541157,0.5756198240093762,50,0.52,936.7985493415501,17,342.50477991,2230.1527872359998,0.42006025537945174,42,0.40476190476190477,Greater than 2.03
PL2018,-480.3186333443,5,80.41382906380001,1198.036116262,-0.40092166406714447,24,0.20833333333333334,-264.4959049775,1,1.6917727024999962,320.42913089,-0.8254427562277373,8,0.125,2341.39994720507,39,453.54780455,4289.225839452,0.5458793812321646,75,0.52,2933.93888542301,37,627.24484271,3293.760055949,0.8907567143890455,64,0.578125,Greater than 2.03
PL2019,-34.511487210999974,4,65.62376895000001,463.506619972,-0.07445737714185136,10,0.4,209.05339307150004,5,311.167713255,630.3258355959999,0.33165924870242885,16,0.3125,3318.8117666689,41,406.13738888499995,3976.812727898,0.8345406217866096,74,0.5540540540540541,1653.9193472078,32,399.86665619999997,3462.810442762,0.47762341443345196,74,0.43243243243243246,Greater than 2.03
SerieA2018,-302.93967890780004,8,120.60605109,1215.677772383,-0.24919405930567487,24,0.3333333333333333,126.47105671000001,4,204.97388899,372.364642902,0.3396430330343824,10,0.4,1256.27257151336,28,453.34987674,3941.9719202730003,0.31869140544926994,70,0.4,946.2613179311601,17,610.97392999,2770.403313229,0.3415608526789769,58,0.29310344827586204,Greater than 2.03
SerieA2019,-432.2446011064,4,63.219552964,790.171618433,-0.5470262295216197,16,0.25,-220.968934505,2,39.427816157500004,411.788294621,-0.5366081003064317,10,0.2,933.1850186503999,24,636.3888226099999,3256.705307262,0.2865426652419324,60,0.4,665.2082399611,17,346.61516267,2410.341599428,0.27598089835854017,51,0.3333333333333333,Greater than 2.03
Bunde2018,-175.05631030210003,7,154.54272848799997,1199.608242793,-0.14592789884014418,21,0.3333333333333333,-207.15625597125,0,-21.208189717249994,239.983098225,-0.8632118574326736,6,0,626.4357228106101,18,252.13153463999998,2824.471781437,0.2217886285597443,41,0.43902439024390244,944.4840452441,13,384.77170015999997,1534.948559189,0.6153196728254686,32,0.40625,Greater than 2.04
Bunde2019,7423.6407730149,45,954.7052364400001,4775.761654171,1.5544412201834499,74,0.6081081081081081,7263.951531056,39,836.9708263299999,3889.467997398,1.8675951404962021,64,0.609375,7622.9513652462,43,685.0139373100001,3936.346116466,1.936555155391159,61,0.7049180327868853,6982.8615779833,38,859.8844806000001,3280.191717566,2.128796783611414,56,0.6785714285714286,Greater than 2.04
LaLiga2018,51.555705495380025,3,70.7580911272,398.165703921,0.12948303931673932,8,0.375,-299.524119161,1,36.375888190000005,371.016120451,-0.8073075606442768,10,0.1,2149.6857392032002,34,316.25381169,3771.769896236,0.5699408496123949,57,0.5964912280701754,1183.49354034931,22,238.95054469299998,2472.263507483,0.47870849396398657,46,0.4782608695652174,Greater than 2.04
LaLiga2019,3520.0646431453,21,1304.09469679,2856.492124885,1.2323032899266315,48,0.4375,1130.3590923142,13,536.63998173,2131.807065182,0.5302351750193197,44,0.29545454545454547,3270.87016329995,32,772.97574027,3889.73029297,0.8408989613525313,57,0.5614035087719298,2581.63494556,24,640.33293301,2959.069756452,0.8724481536574,57,0.42105263157894735,Greater than 2.04
Ligue12018,-67.36112753350997,4,168.0798928217,593.848581924,-0.11343148671883294,10,0.4,64.79992124700001,2,87.19087705000001,182.383595328,0.355294680590452,4,0.5,2312.0851790183,26,740.8537797699998,2905.9281446,0.7956443050096677,43,0.6046511627906976,1427.1272295455,20,384.87735297,2334.719241012,0.6112628895485104,43,0.46511627906976744,Greater than 2.04
Ligue12019,-63.67348405059995,6,280.937063605,1540.310624807,-0.041338080141191134,26,0.23076923076923078,307.40908678060003,4,133.93363403,309.289721424,0.9939195048747779,7,0.5714285714285714,1935.064825974,25,301.356587405,3008.870845729,0.6431199360786009,44,0.5681818181818182,682.4461306365502,13,342.50477991,1735.168637585,0.39330248130024736,31,0.41935483870967744,Greater than 2.04
PL2018,-408.6899762098,3,80.41382906380001,880.977756952,-0.4639049885025275,15,0.2,-238.35638198750001,1,1.6917727024999962,294.2896079,-0.8099381547597624,7,0.14285714285714285,2309.2793786585703,36,453.54780455,3838.080392997,0.6016756144222785,65,0.5538461538461539,2600.72264786021,30,627.24484271,2797.200665581,0.9297590551373689,52,0.5769230769230769,Greater than 2.04
PL2019,-11.798928068999984,3,65.62376895000001,342.39431946,-0.03446005788766711,6,0.5,232.26924469200006,4,311.167713255,560.168807988,0.4146415176636821,14,0.2857142857142857,3117.2900015435,35,406.13738888499995,3644.673339506,0.8553002453619116,65,0.5384615384615384,1569.9653584425,27,399.86665619999997,3028.005927618,0.5184816000930101,64,0.421875,Greater than 2.04
SerieA2018,-248.23473985680002,5,120.60605109,910.842541729,-0.2725330981857636,18,0.2777777777777778,222.257253522,4,204.97388899,276.57844609,0.8035957127681468,7,0.5714285714285714,1246.98252105786,21,453.34987674,3355.465608433,0.37162726923021566,57,0.3684210526315789,921.7438086920001,12,610.97392999,2196.07224878,0.41972380881551746,44,0.2727272727272727,Greater than 2.04
SerieA2019,-401.2466709774,3,45.643058448,645.556900019,-0.6215512079037349,13,0.23076923076923078,-242.57891688,1,19.820563909999997,342.54525678,-0.7081660366875159,8,0.125,924.0245182644,20,636.3888226099999,2868.110937,0.322171819208261,50,0.4,641.7193942875,15,346.61516267,2160.06436288,0.29708345978723505,44,0.3409090909090909,Greater than 2.04
Bunde2018,-184.27323068690004,5,154.54272848799997,960.848599444,-0.19178175499608438,16,0.3125,-122.49461759725,0,-21.208189717249994,155.321459851,-0.7886522423543997,4,0,640.9736875607,14,252.13153463999998,2365.950830961,0.2709158952810316,34,0.4117647058823529,705.8211124303999,9,384.77170015999997,1096.958770708,0.6434344947849301,22,0.4090909090909091,Greater than 2.05
Bunde2019,7336.833857014401,43,954.7052364400001,4480.385580963,1.6375451899024824,68,0.6323529411764706,7262.051475515,38,836.9708263299999,3696.76328154,1.9644350807579352,61,0.6229508196721312,7439.1711947257,39,685.0139373100001,3635.325292184,2.046356404671687,55,0.7090909090909091,6440.5045214028005,32,859.8844806000001,2841.278054185,2.2667631954980245,47,0.6808510638297872,Greater than 2.05
LaLiga2018,129.49926475110001,3,70.7580911272,287.596462418,0.4502811462363626,5,0.6,-179.900269184,1,36.375888190000005,251.392270474,-0.7156157539959289,7,0.14285714285714285,2081.1209815344,29,316.25381169,3255.930637176,0.6391785370893037,48,0.6041666666666666,1111.4928930011101,17,238.95054469299998,1953.248663217,0.5690483315987436,35,0.4857142857142857,Greater than 2.05
LaLiga2019,3655.8724998377998,20,1304.09469679,2557.177291116,1.429651558591117,42,0.47619047619047616,1024.1733121912,11,536.63998173,2011.40476904,0.5091830982781331,41,0.2682926829268293,2854.0103162587,27,772.97574027,3602.169022223,0.7923032757905986,51,0.5294117647058824,2558.989957292,21,640.33293301,2600.326398511,0.984103364391997,49,0.42857142857142855,Greater than 2.05
Ligue12018,-76.92615123750997,3,168.0798928217,496.904804476,-0.1548106408804615,8,0.375,53.36915434000001,1,87.19087705000001,78.35047940000001,0.6811592570804359,2,0.5,2412.0575086237,25,740.8537797699998,2710.780255562,0.8898019319989592,39,0.6410256410256411,1447.971720665,18,384.87735297,2110.683053733,0.6860204416310093,38,0.47368421052631576,Greater than 2.05
Ligue12019,43.84635801660005,6,280.937063605,1375.052377271,0.03188704571648376,23,0.2608695652173913,-8.497493004399999,1,97.922068564,195.92545869399999,-0.043371050710012835,4,0.25,1843.5196630465,23,301.356587405,2804.409662806,0.657364609563474,40,0.575,555.0238305529501,10,342.50477991,1395.167574365,0.3978187572238876,24,0.4166666666666667,Greater than 2.05
PL2018,-479.9814534816,0,-14.000351306600002,641.9565954,-0.747685212553235,9,0,-238.35638198750001,1,1.6917727024999962,294.2896079,-0.8099381547597624,7,0.14285714285714285,2164.11938812207,28,453.54780455,3120.269137622,0.6935681803946486,51,0.5490196078431373,2208.83976415321,25,627.24484271,2573.782201413,0.8582077236141281,46,0.5434782608695652,Greater than 2.05
PL2019,14.268372091000025,2,65.62376895000001,234.64815817,0.06080751795487245,4,0.5,260.99967622700007,3,311.167713255,423.57130055799996,0.6161882919904323,11,0.2727272727272727,2393.065615084,27,406.13738888499995,3147.043401154,0.7604170994929649,53,0.5094339622641509,1103.952568615,19,399.86665619999997,2447.119620111,0.4511232550883333,49,0.3877551020408163,Greater than 2.05
SerieA2018,-183.44031260510002,4,120.60605109,674.670560097,-0.27189612746512326,13,0.3076923076923077,252.41157775200003,4,204.97388899,246.42412186,1.0242973611787958,6,0.6666666666666666,1420.93405589836,19,453.34987674,2853.399337056,0.4979793881092056,46,0.41304347826086957,954.729389962,12,610.97392999,2163.08666751,0.44137361868214936,43,0.27906976744186046,Greater than 2.05
SerieA2019,-238.65959333439997,3,45.643058448,482.96982237599997,-0.4941501151361783,10,0.3,-178.35213047000002,1,19.820563909999997,278.31847037,-0.6408203172175261,6,0.16666666666666666,996.7636203538999,17,636.3888226099999,2420.02360077,0.4118817767052978,41,0.4146341463414634,363.63348649450006,11,346.61516267,1724.943508899,0.21080892482479074,34,0.3235294117647059,Greater than 2.05
Bunde2018,-436.590349058,2,89.201898228,799.347131117,-0.5461836692250498,13,0.15384615384615385,-90.32296132725,0,-21.208189717249994,123.14980358099999,-0.7334397514312021,3,0,582.1292114263,13,252.13153463999998,2101.137396455,0.2770543289593806,28,0.4642857142857143,658.0467824903999,6,384.77170015999997,885.824315498,0.7428637608806817,17,0.35294117647058826,Greater than 2.06
Bunde2019,7132.04329478695,39,954.7052364400001,4068.876649897,1.7528285835274686,60,0.65,7396.031137557599,38,836.9708263299999,3534.663701282,2.092428520109312,58,0.6551724137931034,7202.8318660317,37,685.0139373100001,3544.630979065,2.0320399806277316,53,0.6981132075471698,6381.0776923639005,29,859.8844806000001,2516.343728971,2.535852959553063,40,0.725,Greater than 2.06
LaLiga2018,84.3310711332,2,70.7580911272,175.04861354,0.4817580066918364,3,0.6666666666666666,-78.04807889,0,-37.937509289999994,78.04807889,-1,2,0,1979.9421656934,26,316.25381169,2977.686634073,0.6649263032037577,43,0.6046511627906976,1131.7821912231102,15,238.95054469299998,1756.509602417,0.6443358975469023,31,0.4838709677419355,Greater than 2.06
LaLiga2019,3525.8647757278,16,1304.09469679,2154.719501256,1.6363451361871233,34,0.47058823529411764,1200.0432972388,10,536.63998173,1726.845976462,0.6949336035733049,34,0.29411764705882354,2692.0023633097,22,772.97574027,3060.755160811,0.8795222818790925,42,0.5238095238095238,2476.286825176,17,640.33293301,2194.316793526,1.1285001475091976,40,0.425,Greater than 2.06
Ligue12018,58.695915002700026,3,168.0798928217,336.72286569,0.174315203936099,5,0.6,NA,NA,NA,NA,NA,NA,NA,2429.0463574673,19,740.8537797699998,2069.46788529,1.1737540721135236,29,0.6551724137931034,992.2259382876,13,384.87735297,1842.556886445,0.5385049143323792,32,0.40625,Greater than 2.06
Ligue12019,204.12419490860006,5,280.937063605,1054.7792835779999,0.19352313615429978,17,0.29411764705882354,8.953205524000005,1,97.922068564,149.14831267,0.060028875712523376,3,0.3333333333333333,1618.3029717387,19,301.356587405,2462.444477034,0.6571936897793271,34,0.5588235294117647,571.8788019427501,7,342.50477991,1050.233100323,0.5445255931915195,17,0.4117647058823529,Greater than 2.06
PL2018,-479.9814534816,0,-14.000351306600002,641.9565954,-0.747685212553235,9,0,-163.76659850750002,1,1.6917727024999962,219.69982442,-0.7454106936126973,5,0.2,2131.9193814599003,24,453.54780455,2752.957032739,0.7744106995156366,44,0.5454545454545454,1524.1959908582,17,627.24484271,2043.092714195,0.7460238981170021,35,0.4857142857142857,Greater than 2.06
PL2019,49.08943598100002,2,65.62376895000001,199.82709427999998,0.24565955962015515,3,0.6666666666666666,391.82425848500003,3,311.167713255,292.7467183,1.338441164295026,7,0.42857142857142855,1994.293326452,21,406.13738888499995,2592.761054432,0.7691774461989104,41,0.5121951219512195,1157.7479211455,17,399.86665619999997,2144.784554422,0.5397968382225238,41,0.4146341463414634,Greater than 2.06
SerieA2018,-235.904028347,1,120.60605109,437.01371099700003,-0.5398092151589711,8,0.125,148.646256322,3,204.97388899,209.45616116,0.709677173012121,5,0.6,1414.3649582372,18,453.34987674,2664.141768372,0.5308895251101776,43,0.4186046511627907,999.7236584670001,10,610.97392999,1905.686295575,0.5246003294395077,36,0.2777777777777778,Greater than 2.06
SerieA2019,-198.9880766764,2,45.643058448,398.979185346,-0.49874300210381883,8,0.25,-198.17269438,0,-14.579183980000003,236.73973653000002,-0.8370909644688536,5,0,1023.0952347599,14,636.3888226099999,2068.457995793,0.49461736077829727,33,0.42424242424242425,287.57642738500004,7,346.61516267,1309.3877253800001,0.21962664061291845,25,0.28,Greater than 2.06
Bunde2018,-329.53822016099997,2,89.201898228,692.29500222,-0.4760083766375048,11,0.18181818181818182,-69.11477160999999,0,-32.83525487,69.11477160999999,-1,2,0,484.02949196239996,10,252.13153463999998,1764.27675341,0.2743500933325036,23,0.43478260869565216,619.4656998829998,4,384.77170015999997,607.125533567,1.0203255597627372,11,0.36363636363636365,Greater than 2.07
Bunde2019,7041.44015572095,38,954.7052364400001,3997.419493865,1.7614964270144104,59,0.6440677966101694,7392.7175730996,37,836.9708263299999,3315.274693564,2.229895938171039,53,0.6981132075471698,6904.8220729411005,34,685.0139373100001,3278.348183216,2.106189363378601,49,0.6938775510204082,5923.6487962415,26,859.8844806000001,2344.386042046,2.526737785502167,37,0.7027027027027027,Greater than 2.07
LaLiga2018,-52.46883579,0,-52.46883579,52.46883579,-1,1,0,-37.937509289999994,0,-37.937509289999994,37.937509289999994,-1,1,0,1708.9675410453,22,316.25381169,2603.483929467,0.656415628958835,36,0.6111111111111112,659.0195089135001,11,211.34100174999998,1409.549092123,0.46753923832543803,24,0.4583333333333333,Greater than 2.07
LaLiga2019,3612.3564205518,16,1304.09469679,1996.404112336,1.8094314664203772,31,0.5161290322580645,1332.2367587528,10,536.63998173,1546.365150792,0.8615279244171209,30,0.3333333333333333,2606.2576146869,21,772.97574027,2957.12622619,0.8813481114212822,40,0.525,2388.9318075715,14,640.33293301,1835.587061536,1.3014538278410326,32,0.4375,Greater than 2.07
Ligue12018,-76.22983708899999,1,3.625236531000013,144.81542101,-0.5263930909936453,2,0.5,NA,NA,NA,NA,NA,NA,NA,2451.4809772873,19,740.8537797699998,2015.36190196,1.2163973998432545,28,0.6785714285714286,1037.5380296396002,12,384.87735297,1568.463252303,0.661499737476263,26,0.46153846153846156,Greater than 2.07
Ligue12019,248.29073210900006,4,280.937063605,859.715285292,0.28880576669596936,13,0.3076923076923077,-48.72454518,0,-48.72454518,48.72454518,-1,1,0,1318.3236743867,15,301.356587405,2110.175023309,0.6247461276076594,28,0.5357142857142857,688.1148319595001,7,342.50477991,903.11405157,0.7619356943491922,14,0.5,Greater than 2.07
PL2018,-435.8116510716,0,-14.000351306600002,597.78679299,-0.7290419530544738,8,0,-163.76659850750002,1,1.6917727024999962,219.69982442,-0.7454106936126973,5,0.2,1742.0510725787,19,453.54780455,2451.492568699,0.7106083431871064,39,0.48717948717948717,1155.5060336967,13,627.24484271,1843.290559675,0.6268713457201415,31,0.41935483870967744,Greater than 2.07
PL2019,49.08943598100002,2,65.62376895000001,199.82709427999998,0.24565955962015515,3,0.6666666666666666,228.28741804500004,1,311.167713255,145.29540493,1.5711950295674093,3,0.3333333333333333,1985.0293284395,19,406.13738888499995,2264.033842152,0.8767666328488704,36,0.5277777777777778,1110.0991969785,15,399.86665619999997,1857.842424579,0.597520641305226,35,0.42857142857142855,Greater than 2.07
SerieA2018,-180.91187063400002,1,120.60605109,382.021553284,-0.47356456482314674,7,0.14285714285714285,-19.229450619999994,1,20.449823170000002,93.23317162,-0.20625116882621392,2,0.5,1421.2751862097,16,453.34987674,2381.212991212,0.5968702469938623,36,0.4444444444444444,1015.5903712966001,9,610.97392999,1653.620694495,0.6141616240517308,31,0.2903225806451613,Greater than 2.07
SerieA2019,-17.050080882000003,1,45.643058448,121.04112585,-0.14086188278791528,2,0.5,-141.01802018,0,-42.59320002,141.01802018,-1,3,0,1048.3733550608,13,636.3888226099999,1898.779548023,0.5521301070218294,30,0.43333333333333335,280.28961164000003,6,346.61516267,1152.61898732,0.24317629218629522,21,0.2857142857142857,Greater than 2.07
Bunde2018,-350.930851847,1,89.201898228,560.4794063,-0.6261262196298468,9,0.1111111111111111,NA,NA,NA,NA,NA,NA,NA,98.2311125146,7,252.13153463999998,1506.2365007600001,0.06521626083622037,19,0.3684210526315789,561.4067289699999,3,384.77170015999997,510.12513918,1.1005274703231298,9,0.3333333333333333,Greater than 2.08
Bunde2019,6488.09422300275,33,954.7052364400001,3603.549555623,1.8004731509460417,52,0.6346153846153846,6835.3428874366,31,836.9708263299999,2709.29248884,2.5229254189396118,43,0.7209302325581395,6383.0179914301,30,685.0139373100001,2839.995497476,2.2475451095267243,41,0.7317073170731707,5960.486728333,26,859.8844806000001,2225.91672314,2.677767171776674,35,0.7428571428571429,Greater than 2.08
LaLiga2018,-52.46883579,0,-52.46883579,52.46883579,-1,1,0,-37.937509289999994,0,-37.937509289999994,37.937509289999994,-1,1,0,1529.2227210481,18,316.25381169,2078.85424466,0.735608436703174,28,0.6428571428571429,741.7778802465001,10,211.34100174999998,1258.4038778,0.5894593089964969,21,0.47619047619047616,Greater than 2.08
LaLiga2019,3445.5786188648,14,1304.09469679,1672.5843256,2.060032828317209,25,0.56,1307.3214666928,9,536.63998173,1319.34999056,0.9908829924180358,25,0.36,2711.4103483804,19,772.97574027,2608.75231786,1.039351390247968,35,0.5428571428571428,2563.7654202965,14,640.33293301,1660.753448811,1.5437363216870044,27,0.5185185185185185,Greater than 2.08
Ligue12018,NA,NA,NA,NA,NA,NA,NA,NA,NA,NA,NA,NA,NA,NA,2388.0110337073,17,740.8537797699998,1867.01216008,1.2790548903575303,26,0.6538461538461539,1172.7711548926,12,384.87735297,1433.23012705,0.8182713527704727,23,0.5217391304347826,Greater than 2.08
Ligue12019,190.88732664000005,3,280.937063605,758.4237510109999,0.25168954213992106,11,0.2727272727272727,NA,NA,NA,NA,NA,NA,NA,1255.5053908460002,13,301.356587405,1892.33812062,0.663467790013473,24,0.5416666666666666,724.6200471695,7,342.50477991,866.6088363599999,0.8361558488292219,13,0.5384615384615384,Greater than 2.08
PL2018,-386.15804513160003,0,-14.000351306600002,548.1331870500001,-0.7044967432274359,7,0,-134.30700822,0,-38.19945029,134.30700822,-1,3,0,1785.7127183322,18,453.54780455,2216.320766565,0.8057104121709852,35,0.5142857142857142,877.2594862474999,10,627.24484271,1627.901487206,0.5388897873379046,28,0.35714285714285715,Greater than 2.08
PL2019,-67.44573727,0,-67.44573727,67.44573727,-1,1,0,264.866620225,1,311.167713255,108.71620275,2.4363122839571405,2,0.5,1683.9016569255,16,406.13738888499995,2081.744349734,0.8088897453429691,33,0.48484848484848486,736.6319005429999,12,399.86665619999997,1567.775259347,0.46985809742259693,29,0.41379310344827586,Greater than 2.08
SerieA2018,-102.83550139000002,1,120.60605109,303.94518404,-0.3383356828462417,5,0.2,-19.229450619999994,1,20.449823170000002,93.23317162,-0.20625116882621392,2,0.5,1473.7394254433998,15,453.34987674,2142.55708697,0.6878413809396132,32,0.46875,1171.8569299716,9,610.97392999,1418.03686884,0.8263938376512149,26,0.34615384615384615,Greater than 2.08
SerieA2019,-62.69313933,0,-62.69313933,62.69313933,-1,1,0,-141.01802018,0,-42.59320002,141.01802018,-1,3,0,927.8218641473,10,636.3888226099999,1613.723626219,0.5749571048427994,25,0.4,445.889418244,6,346.61516267,946.46062574,0.47111248594771366,17,0.35294117647058826,Greater than 2.08
Bunde2018,-314.091450147,1,89.201898228,523.6400046,-0.5998232514472024,8,0.125,NA,NA,NA,NA,NA,NA,NA,19.38129452359997,6,252.13153463999998,1433.51996458,0.013520072968972147,18,0.3333333333333333,561.4067289699999,3,384.77170015999997,510.12513918,1.1005274703231298,9,0.3333333333333333,Greater than 2.09
Bunde2019,6387.01527414475,32,954.7052364400001,3466.994403651,1.842234088240452,50,0.64,6594.940220896599,29,836.9708263299999,2520.8072294,2.6162017245826137,39,0.7435897435897436,6279.9051052765,28,685.0139373100001,2546.843028696,2.465760564950032,37,0.7567567567567568,5130.9009928315,21,859.8844806000001,1787.40427055,2.8705878560157387,27,0.7777777777777778,Greater than 2.09
LaLiga2018,NA,NA,NA,NA,NA,NA,NA,-37.937509289999994,0,-37.937509289999994,37.937509289999994,-1,1,0,1546.4651665641,16,316.25381169,1793.40686663,0.862305813220215,24,0.6666666666666666,817.5825937365001,10,211.34100174999998,1182.5991643099999,0.6913437945929274,19,0.5263157894736842,Greater than 2.09
LaLiga2019,3317.9088497598,13,1304.09469679,1624.42041633,2.0425185601002496,24,0.5416666666666666,1246.2551217378,8,536.63998173,1192.98283209,1.0446546993090182,22,0.36363636363636365,2773.1036329754,18,772.97574027,2369.96638773,1.170102515939702,32,0.5625,2545.2517291185,12,640.33293301,1450.123326301,1.7551967359982912,23,0.5217391304347826,Greater than 2.09
Ligue12018,NA,NA,NA,NA,NA,NA,NA,NA,NA,NA,NA,NA,NA,NA,2373.1719959213,16,740.8537797699998,1729.77567594,1.3719536174143874,24,0.6666666666666666,1132.39136588,11,384.87735297,1238.285816425,0.914483030379268,20,0.55,Greater than 2.09
Ligue12019,239.20014137000004,3,280.937063605,710.110936281,0.3368489754892966,10,0.3,NA,NA,NA,NA,NA,NA,NA,1251.990418562,12,301.356587405,1751.74456476,0.7147106055005974,22,0.5454545454545454,658.6241563325001,6,342.50477991,788.54284056,0.8352420724088555,12,0.5,Greater than 2.09
PL2018,-372.157693825,0,-35.035445982,487.26736985,-0.7637648585817777,6,0,-89.80103671,0,-38.19945029,89.80103671,-1,2,0,1662.9404452102,16,453.54780455,1937.621914787,0.8582378391364369,30,0.5333333333333333,953.2724764884999,9,627.24484271,1403.463546795,0.6792285262167496,24,0.375,Greater than 2.09
PL2019,-67.44573727,0,-67.44573727,67.44573727,-1,1,0,264.866620225,1,311.167713255,108.71620275,2.4363122839571405,2,0.5,1672.8059561685,14,406.13738888499995,1823.57913657,0.9173201878778391,29,0.4827586206896552,479.1028493559999,7,399.86665619999997,1218.706400057,0.393124093984894,22,0.3181818181818182,Greater than 2.09
SerieA2018,-60.27629776000002,1,120.60605109,261.38598041,-0.23060264236610142,4,0.25,-19.229450619999994,1,20.449823170000002,93.23317162,-0.20625116882621392,2,0.5,1460.6838585039,11,453.34987674,1533.11769527,0.9527538968537288,23,0.4782608695652174,1200.40435197,8,610.97392999,1178.63384393,1.0184709680212551,21,0.38095238095238093,Greater than 2.09
SerieA2019,NA,NA,NA,NA,NA,NA,NA,-42.59320002,0,-42.59320002,42.59320002,-1,1,0,927.8218641473,10,636.3888226099999,1613.723626219,0.5749571048427994,25,0.4,484.961210446,5,346.61516267,844.67393773,0.5741401371389511,15,0.3333333333333333,Greater than 2.09
Bunde2018,-314.091450147,1,89.201898228,523.6400046,-0.5998232514472024,8,0.125,NA,NA,NA,NA,NA,NA,NA,76.99169331359997,6,252.13153463999998,1375.90956579,0.0559569431217625,17,0.35294117647058826,616.8047967299999,3,384.77170015999997,454.72707142,1.3564285821028232,8,0.375,Greater than 2.1
Bunde2019,6282.130510167501,30,954.7052364400001,3228.67081965,1.9457327368073118,46,0.6521739130434783,5446.4391321066,25,836.9708263299999,2293.604058943,2.374620462878224,35,0.7142857142857143,5877.604329462501,25,685.0139373100001,2327.72557331,2.5250417819247533,34,0.7352941176470589,5014.2179567725,20,859.8844806000001,1720.42323383,2.914525831884905,26,0.7692307692307693,Greater than 2.1
LaLiga2018,NA,NA,NA,NA,NA,NA,NA,NA,NA,NA,NA,NA,NA,NA,1546.4651665641,16,316.25381169,1793.40686663,0.862305813220215,24,0.6666666666666666,703.3280332240001,9,211.34100174999998,1098.7746946,0.6401021398477338,17,0.5294117647058824,Greater than 2.1
LaLiga2019,3219.0373091498,11,1304.09469679,1393.69635482,2.3097120818440744,20,0.55,1149.9385146648,7,536.63998173,1079.35336785,1.0653957720587846,20,0.35,2454.5139037524,15,772.97574027,1998.63747347,1.2280936069365873,27,0.5555555555555556,2555.294750256,11,640.33293301,1215.851508526,2.1016503514922085,18,0.6111111111111112,Greater than 2.1
Ligue12018,NA,NA,NA,NA,NA,NA,NA,NA,NA,NA,NA,NA,NA,NA,2461.8616026013,16,740.8537797699998,1641.08606926,1.500141673685284,22,0.7272727272727273,1117.374079814,8,384.87735297,894.8890842,1.2486173980017803,14,0.5714285714285714,Greater than 2.1
Ligue12019,310.61794244000004,3,280.937063605,638.693135211,0.48633361674911946,9,0.3333333333333333,NA,NA,NA,NA,NA,NA,NA,1267.247047087,11,301.356587405,1606.5482305599999,0.78880112217065,20,0.55,519.7034591125,5,342.50477991,674.36911258,0.770651338291903,10,0.5,Greater than 2.1
PL2018,-272.167884915,0,-35.035445982,387.27756094,-0.7027721519790462,5,0,-89.80103671,0,-38.19945029,89.80103671,-1,2,0,1239.3715504862,13,453.54780455,1729.930841516,0.7164283801080131,26,0.5,933.2171662504999,8,627.24484271,1148.27658601,0.812711133903041,19,0.42105263157894735,Greater than 2.1
PL2019,-67.44573727,0,-67.44573727,67.44573727,-1,1,0,264.866620225,1,311.167713255,108.71620275,2.4363122839571405,2,0.5,1490.5256496935,13,406.13738888499995,1733.17916966,0.8599951325204874,27,0.48148148148148145,176.16508990249994,3,399.86665619999997,897.527558917,0.19627819575263988,16,0.1875,Greater than 2.1
SerieA2018,-60.27629776000002,1,120.60605109,261.38598041,-0.23060264236610142,4,0.25,-19.229450619999994,1,20.449823170000002,93.23317162,-0.20625116882621392,2,0.5,1460.6838585039,11,453.34987674,1533.11769527,0.9527538968537288,23,0.4782608695652174,1200.40435197,8,610.97392999,1178.63384393,1.0184709680212551,21,0.38095238095238093,Greater than 2.1
SerieA2019,NA,NA,NA,NA,NA,NA,NA,NA,NA,NA,NA,NA,NA,NA,968.8291561694999,9,636.3888226099999,1482.383879999,0.6535615836365904,23,0.391304347826087,625.493704676,5,346.61516267,704.1414435,0.8883069026116767,12,0.4166666666666667,Greater than 2.1
